frame,time_sec,class,confidence,center_x,center_y,width,height
0,0.0,person,0.785,590.7,268.5,32.2,65.9
0,0.0,person,0.783,762.1,168.7,16.8,48.2
0,0.0,sports ball,0.754,400.0,320.3,9.3,10.0
0,0.0,person,0.746,735.1,219.7,27.1,49.4
0,0.0,person,0.697,497.2,406.2,30.5,57.2
0,0.0,person,0.672,512.5,274.7,26.9,46.6
0,0.0,person,0.616,299.5,155.2,20.7,40.1
0,0.0,person,0.595,696.4,134.8,17.8,40.2
0,0.0,person,0.578,160.7,107.1,16.8,37.9
0,0.0,person,0.573,560.1,273.5,35.9,50.7
0,0.0,person,0.546,330.8,165.5,18.6,42.8
0,0.0,person,0.534,754.8,418.9,24.8,64.9
0,0.0,person,0.521,253.3,459.8,27.7,38.1
0,0.0,person,0.519,535.5,227.8,16.9,45.9
0,0.0,person,0.497,753.9,411.6,21.3,50.8
0,0.0,person,0.476,364.2,174.9,17.5,34.1
0,0.0,person,0.452,580.6,121.9,13.7,34.4
0,0.0,person,0.419,548.4,51.2,13.4,32.6
0,0.0,person,0.411,507.7,405.8,52.3,56.5
0,0.0,person,0.409,718.2,109.7,14.4,41.0
0,0.0,person,0.409,437.0,382.7,48.3,56.7
0,0.0,person,0.407,669.8,99.5,14.5,34.6
5,0.2,person,0.803,617.1,260.3,19.6,58.4
5,0.2,person,0.761,789.8,166.8,22.4,47.4
5,0.2,person,0.739,286.5,455.2,26.5,49.6
5,0.2,person,0.714,755.3,218.6,19.9,45.4
5,0.2,person,0.677,352.4,165.0,22.3,42.5
5,0.2,person,0.668,726.0,133.7,16.2,41.0
5,0.2,person,0.643,542.7,272.9,27.0,43.3
5,0.2,person,0.625,319.2,151.4,25.7,37.8
5,0.2,person,0.6,764.7,133.1,17.6,41.1
5,0.2,person,0.596,503.0,399.1,51.8,53.9
5,0.2,person,0.596,571.1,268.6,17.0,59.4
5,0.2,person,0.565,184.3,101.7,21.8,27.0
5,0.2,person,0.555,574.8,50.9,19.4,31.1
5,0.2,person,0.554,784.9,410.4,18.6,55.2
5,0.2,person,0.536,604.6,123.0,23.3,34.7
5,0.2,person,0.478,359.6,244.0,18.5,39.6
5,0.2,person,0.454,350.3,162.4,17.9,36.9
5,0.2,person,0.448,749.6,107.0,17.2,32.7
5,0.2,person,0.433,567.9,269.1,24.4,57.0
5,0.2,person,0.427,392.5,177.5,21.4,42.1
5,0.2,person,0.419,493.9,399.8,31.2,54.4
5,0.2,person,0.414,388.7,171.5,15.0,32.3
5,0.2,person,0.396,743.0,424.0,29.1,34.2
5,0.2,sports ball,0.377,380.6,325.0,10.4,12.1
5,0.2,person,0.355,443.5,377.2,32.2,44.4
5,0.2,person,0.34,450.2,378.7,45.6,48.9
10,0.4,person,0.78,325.9,450.0,26.6,59.9
10,0.4,sports ball,0.776,376.8,327.5,11.1,11.0
10,0.4,person,0.768,649.4,257.1,27.4,58.0
10,0.4,person,0.682,783.0,220.6,27.9,48.7
10,0.4,person,0.641,633.2,124.1,19.4,34.5
10,0.4,person,0.617,827.2,169.0,19.6,47.6
10,0.4,person,0.612,763.2,135.6,19.7,38.8
10,0.4,person,0.6,374.4,252.0,20.4,42.1
10,0.4,person,0.565,799.0,135.2,23.6,38.8
10,0.4,person,0.558,211.3,103.4,14.7,24.8
10,0.4,person,0.489,455.4,367.6,30.7,40.8
10,0.4,person,0.482,590.0,265.4,31.7,47.3
10,0.4,person,0.464,819.6,409.5,20.9,54.1
10,0.4,person,0.462,336.6,149.8,17.5,30.6
10,0.4,person,0.393,423.6,174.5,19.9,33.8
10,0.4,person,0.351,567.9,269.2,25.1,39.3
10,0.4,person,0.331,459.5,368.1,21.4,37.9
10,0.4,person,0.316,420.4,172.7,15.7,33.1
10,0.4,person,0.309,44.7,217.7,20.3,35.6
10,0.4,person,0.308,585.7,227.5,17.0,41.4
10,0.4,person,0.307,605.5,53.6,14.9,32.7
15,0.6,person,0.781,809.7,221.2,24.1,45.0
15,0.6,person,0.72,685.6,256.0,27.2,55.2
15,0.6,person,0.707,389.6,259.9,18.7,43.0
15,0.6,person,0.671,661.4,127.3,19.6,32.4
15,0.6,person,0.655,366.8,447.4,35.3,65.2
15,0.6,person,0.566,241.0,109.4,15.0,31.8
15,0.6,person,0.551,359.1,151.4,20.4,36.1
15,0.6,sports ball,0.522,381.0,330.0,10.7,10.7
15,0.6,person,0.514,800.6,137.7,16.1,39.3
15,0.6,person,0.492,485.6,378.7,61.4,74.0
15,0.6,person,0.485,609.2,268.4,18.9,47.7
15,0.6,person,0.464,454.7,175.7,23.5,40.0
15,0.6,person,0.449,364.0,446.1,24.5,62.3
15,0.6,person,0.446,766.2,103.1,21.9,37.0
15,0.6,person,0.446,637.8,54.3,23.1,30.1
15,0.6,person,0.417,592.0,270.6,22.9,43.8
15,0.6,person,0.392,450.9,171.7,17.1,33.3
15,0.6,person,0.389,742.4,425.3,30.5,33.8
15,0.6,person,0.374,832.0,126.1,27.3,58.0
15,0.6,person,0.363,80.2,220.0,19.2,34.7
15,0.6,person,0.339,599.2,270.1,37.7,46.1
20,0.8,sports ball,0.757,389.5,331.1,9.8,9.5
20,0.8,person,0.72,403.4,268.5,19.8,46.0
20,0.8,person,0.655,716.2,255.3,17.8,52.4
20,0.8,person,0.62,398.9,439.5,23.8,70.6
20,0.8,person,0.605,688.5,129.7,23.1,34.9
20,0.8,person,0.563,264.1,114.2,16.6,34.1
20,0.8,person,0.54,113.2,222.3,23.6,37.6
20,0.8,person,0.483,374.2,152.4,17.7,38.0
20,0.8,person,0.432,613.8,269.8,33.7,41.6
20,0.8,person,0.422,472.6,367.7,28.7,66.4
20,0.8,person,0.398,639.9,232.4,16.3,41.3
20,0.8,person,0.387,480.0,178.5,17.7,31.4
20,0.8,person,0.378,833.7,224.5,20.6,45.2
20,0.8,person,0.37,377.3,152.6,25.3,39.8
20,0.8,person,0.336,424.8,167.9,24.2,43.1
20,0.8,person,0.333,663.8,57.6,14.2,29.3
20,0.8,person,0.333,627.3,266.9,23.2,48.1
20,0.8,person,0.332,632.4,267.3,32.1,49.0
20,0.8,person,0.308,834.4,142.2,24.5,35.3
20,0.8,sports ball,0.306,492.9,374.3,11.9,8.9
25,1.0,person,0.743,744.0,255.6,31.0,55.0
25,1.0,person,0.722,413.9,279.2,24.6,46.1
25,1.0,person,0.682,140.0,224.5,20.6,32.9
25,1.0,person,0.633,285.6,113.8,22.5,31.8
25,1.0,person,0.592,431.6,434.4,20.2,67.2
25,1.0,person,0.559,644.9,269.8,19.9,47.9
25,1.0,person,0.549,662.5,238.5,16.3,43.1
25,1.0,sports ball,0.522,394.6,333.7,10.5,9.7
25,1.0,person,0.509,621.6,269.4,23.2,45.1
25,1.0,person,0.467,706.0,132.5,13.6,32.7
25,1.0,person,0.428,688.0,61.5,17.7,30.3
25,1.0,person,0.381,741.8,425.0,30.1,34.8
25,1.0,person,0.38,439.4,168.2,14.8,33.1
25,1.0,person,0.368,825.5,106.9,17.3,36.9
25,1.0,person,0.352,499.8,177.9,19.3,32.6
25,1.0,person,0.345,391.5,152.1,24.4,32.9
25,1.0,person,0.338,631.8,269.8,44.4,47.4
25,1.0,person,0.314,287.7,114.8,29.3,35.3
30,1.2,person,0.731,661.0,271.0,24.0,48.1
30,1.2,person,0.661,771.3,257.4,18.1,52.2
30,1.2,person,0.612,158.0,231.0,18.5,39.0
30,1.2,person,0.595,727.3,136.3,25.4,30.4
30,1.2,person,0.587,631.2,268.8,20.7,47.7
30,1.2,person,0.562,469.1,342.9,43.9,47.9
30,1.2,person,0.552,420.2,291.6,23.7,50.0
30,1.2,person,0.551,683.8,241.8,17.8,44.6
30,1.2,person,0.541,710.4,65.3,17.1,28.9
30,1.2,person,0.502,301.7,119.9,15.7,33.9
30,1.2,person,0.429,453.8,170.4,17.9,37.3
30,1.2,person,0.422,444.8,378.2,40.0,51.4
30,1.2,person,0.412,466.0,430.2,22.1,66.4
30,1.2,person,0.409,456.6,171.5,27.5,41.5
30,1.2,person,0.399,628.1,268.6,15.9,48.9
30,1.2,person,0.389,514.3,181.0,16.2,29.8
30,1.2,person,0.352,451.0,409.0,53.6,111.0
30,1.2,person,0.351,630.8,263.1,18.6,35.9
30,1.2,person,0.339,464.9,342.4,22.0,44.4
30,1.2,person,0.334,462.8,342.5,31.7,46.4
30,1.2,person,0.331,516.8,183.1,16.2,32.6
30,1.2,person,0.329,453.1,166.7,15.2,30.7
30,1.2,sports ball,0.317,401.1,335.6,9.1,11.5
35,1.4,person,0.768,793.5,259.3,27.2,50.6
35,1.4,person,0.736,673.7,273.3,26.4,47.2
35,1.4,person,0.705,705.3,249.0,16.1,45.0
35,1.4,person,0.698,498.3,425.1,24.4,71.0
35,1.4,person,0.684,422.8,373.4,40.9,50.1
35,1.4,person,0.668,418.6,304.0,16.7,50.3
35,1.4,person,0.641,466.1,175.0,22.1,37.6
35,1.4,person,0.622,637.4,266.6,20.8,39.8
35,1.4,person,0.582,462.4,335.1,35.1,44.4
35,1.4,person,0.524,173.0,234.8,19.3,37.7
35,1.4,person,0.52,742.5,140.2,21.6,33.0
35,1.4,person,0.508,728.8,69.4,12.5,28.1
35,1.4,person,0.502,407.4,153.6,15.3,33.5
35,1.4,person,0.488,313.8,124.7,19.0,35.6
35,1.4,person,0.419,530.9,185.5,22.2,35.2
35,1.4,person,0.381,740.3,138.0,15.5,28.5
35,1.4,person,0.378,741.4,424.7,29.7,34.2
35,1.4,person,0.36,529.6,181.5,20.5,28.9
35,1.4,person,0.324,456.8,332.5,21.3,38.8
40,1.6,person,0.797,532.5,421.0,24.0,75.4
40,1.6,person,0.743,726.4,253.2,21.2,50.1
40,1.6,person,0.728,413.9,312.8,26.1,56.2
40,1.6,person,0.705,449.6,331.3,24.5,52.4
40,1.6,person,0.696,180.2,235.6,28.6,34.7
40,1.6,person,0.692,414.0,151.9,28.9,34.8
40,1.6,person,0.692,680.3,273.4,18.4,44.8
40,1.6,person,0.662,821.5,258.2,27.3,52.2
40,1.6,person,0.645,641.6,270.5,22.7,45.5
40,1.6,person,0.635,396.1,370.1,36.9,54.6
40,1.6,person,0.552,757.7,140.5,16.4,34.0
40,1.6,person,0.5,685.6,273.6,28.8,46.3
40,1.6,person,0.462,470.9,174.0,16.6,38.4
40,1.6,person,0.437,542.0,182.6,30.6,34.9
40,1.6,person,0.409,748.9,67.9,15.9,31.7
40,1.6,person,0.4,537.9,177.8,20.3,25.2
45,1.8,person,0.764,371.3,364.3,34.8,59.7
45,1.8,person,0.738,695.9,273.4,32.6,47.3
45,1.8,person,0.72,564.9,416.3,26.0,70.6
45,1.8,person,0.65,751.1,255.4,15.3,43.8
45,1.8,person,0.646,777.0,138.8,23.7,34.5
45,1.8,person,0.636,417.4,148.8,22.3,36.7
45,1.8,person,0.577,441.7,320.6,35.2,50.3
45,1.8,person,0.557,409.6,311.8,25.4,47.0
45,1.8,person,0.543,326.0,123.0,15.5,32.8
45,1.8,person,0.539,181.1,238.2,22.2,34.8
45,1.8,person,0.474,547.0,181.1,16.8,31.6
45,1.8,person,0.467,550.1,182.6,20.7,34.7
45,1.8,person,0.417,178.5,236.4,17.2,32.3
45,1.8,person,0.397,646.7,272.4,33.3,48.6
45,1.8,person,0.362,741.7,425.2,30.4,34.0
45,1.8,person,0.353,642.4,270.2,24.7,43.8
45,1.8,person,0.326,639.9,266.3,17.1,35.7
45,1.8,person,0.311,476.8,169.4,15.8,30.9
45,1.8,person,0.309,437.4,319.2,22.5,47.0
50,2.0,person,0.806,413.0,324.2,26.1,48.2
50,2.0,person,0.718,443.7,316.2,36.8,54.0
50,2.0,person,0.667,601.0,414.5,27.3,65.6
50,2.0,person,0.661,708.6,276.5,21.8,46.5
50,2.0,person,0.646,186.6,243.2,16.3,34.6
50,2.0,person,0.599,782.6,262.7,19.9,47.7
50,2.0,person,0.585,488.3,171.8,22.4,38.3
50,2.0,person,0.58,799.6,140.2,16.6,33.6
50,2.0,person,0.575,350.4,362.4,32.5,52.1
50,2.0,person,0.551,340.2,123.0,24.4,28.3
50,2.0,person,0.549,651.2,271.4,34.6,45.0
50,2.0,sports ball,0.424,313.0,343.9,9.9,8.8
50,2.0,person,0.419,423.1,148.4,14.9,37.1
50,2.0,person,0.407,645.9,271.4,23.6,45.0
50,2.0,person,0.355,562.0,178.5,14.1,23.3
50,2.0,person,0.338,564.5,179.8,19.2,26.4
55,2.2,sports ball,0.732,281.4,348.1,9.3,10.3
55,2.2,person,0.713,647.8,419.2,32.5,67.3
55,2.2,person,0.64,510.3,174.1,14.9,36.0
55,2.2,person,0.631,204.8,249.8,18.1,35.9
55,2.2,person,0.621,827.4,271.3,17.4,50.6
55,2.2,person,0.595,736.5,280.3,31.0,45.4
55,2.2,person,0.594,339.0,363.4,35.4,56.3
55,2.2,person,0.559,421.2,329.2,20.5,47.3
55,2.2,person,0.545,450.8,314.2,26.3,49.9
55,2.2,person,0.542,362.3,125.9,20.6,27.9
55,2.2,person,0.483,443.1,146.8,13.4,32.3
55,2.2,person,0.462,591.1,184.0,19.5,35.0
55,2.2,person,0.443,665.7,275.1,30.4,48.1
55,2.2,person,0.37,732.0,279.9,21.3,45.3
55,2.2,person,0.328,449.3,308.7,22.2,38.4
55,2.2,person,0.317,661.4,271.5,20.6,40.6
60,2.4,person,0.71,343.9,358.6,30.8,54.2
60,2.4,sports ball,0.658,273.8,351.4,8.6,9.8
60,2.4,person,0.629,443.8,338.3,31.2,49.2
60,2.4,person,0.606,473.7,307.9,23.3,44.2
60,2.4,person,0.598,399.9,130.6,16.7,31.4
60,2.4,person,0.571,233.1,257.4,20.9,33.2
60,2.4,person,0.567,547.8,174.4,14.6,29.8
60,2.4,person,0.496,633.0,187.4,21.0,38.2
60,2.4,person,0.461,478.3,146.3,18.0,32.0
60,2.4,person,0.461,695.5,281.7,24.3,49.7
65,2.6,person,0.764,464.3,339.3,39.5,45.3
65,2.6,person,0.688,348.4,355.1,34.2,52.5
65,2.6,person,0.627,503.5,303.3,31.1,42.2
65,2.6,person,0.572,731.0,283.5,43.1,49.1
65,2.6,person,0.551,590.5,176.5,21.8,29.0
65,2.6,person,0.512,263.3,261.7,26.2,32.4
65,2.6,sports ball,0.506,277.1,352.4,11.6,10.1
65,2.6,person,0.491,497.9,302.5,20.3,39.4
65,2.6,person,0.426,818.5,294.3,26.3,44.5
65,2.6,person,0.405,521.5,147.4,24.7,34.7
65,2.6,person,0.361,815.6,292.2,21.3,39.7
65,2.6,person,0.358,592.9,177.8,28.2,32.2
70,2.8,person,0.783,766.0,287.4,38.8,52.4
70,2.8,person,0.737,354.6,350.3,27.1,54.0
70,2.8,person,0.675,95.7,419.8,31.4,62.1
70,2.8,person,0.645,480.0,339.6,37.7,48.3
70,2.8,person,0.559,725.3,193.6,19.0,39.7
70,2.8,sports ball,0.544,287.5,352.0,11.4,9.3
70,2.8,person,0.457,556.7,146.1,16.0,33.8
70,2.8,person,0.447,529.8,297.3,37.0,42.6
70,2.8,person,0.445,288.6,273.2,23.1,38.7
70,2.8,sports ball,0.402,540.7,310.6,14.3,9.6
70,2.8,person,0.367,287.1,269.5,19.4,30.0
70,2.8,person,0.365,521.4,297.2,21.5,42.9
75,3.0,sports ball,0.829,301.8,354.9,9.0,9.8
75,3.0,person,0.793,155.7,419.2,29.0,65.3
75,3.0,person,0.77,356.5,349.7,28.5,54.8
75,3.0,person,0.678,552.7,297.8,39.0,45.2
75,3.0,person,0.655,492.3,341.1,20.8,52.9
75,3.0,person,0.613,793.4,296.0,25.9,53.3
75,3.0,person,0.602,595.5,148.5,16.0,36.1
75,3.0,person,0.56,312.3,282.0,25.8,33.5
75,3.0,person,0.519,665.8,189.1,16.3,33.6
75,3.0,person,0.509,769.9,191.8,16.2,30.2
75,3.0,person,0.462,510.2,134.5,13.1,27.1
75,3.0,person,0.387,772.2,193.2,26.7,31.7
80,3.2,person,0.774,507.6,336.8,37.4,54.5
80,3.2,person,0.74,204.7,421.1,25.4,65.0
80,3.2,person,0.719,354.0,344.8,21.2,51.2
80,3.2,person,0.69,564.9,297.3,34.4,50.5
80,3.2,sports ball,0.651,309.5,357.9,10.1,10.8
80,3.2,person,0.646,692.4,192.3,16.8,32.8
80,3.2,person,0.58,809.3,204.1,19.9,40.9
80,3.2,person,0.522,625.6,150.1,16.9,31.9
80,3.2,person,0.52,320.8,293.3,17.5,36.9
80,3.2,person,0.505,328.2,294.9,34.4,39.6
80,3.2,person,0.493,537.6,144.5,19.3,38.0
80,3.2,person,0.47,692.6,197.1,20.7,41.6
80,3.2,person,0.446,817.2,300.2,32.0,50.9
80,3.2,person,0.314,323.4,294.2,24.7,39.3
85,3.4,person,0.856,244.1,423.7,39.5,66.4
85,3.4,person,0.819,512.7,334.4,34.7,53.8
85,3.4,person,0.723,715.1,202.0,28.4,43.0
85,3.4,person,0.702,338.8,344.5,21.3,52.8
85,3.4,person,0.683,566.2,292.8,28.5,46.1
85,3.4,person,0.58,554.0,143.7,27.8,30.5
85,3.4,person,0.55,321.7,306.2,17.7,41.3
85,3.4,person,0.471,823.8,299.7,21.2,43.4
85,3.4,person,0.441,832.4,203.0,11.3,30.7
85,3.4,person,0.436,556.9,146.6,35.6,37.1
85,3.4,person,0.434,551.5,143.4,18.3,29.3
85,3.4,person,0.306,549.7,146.8,22.7,37.9
90,3.6,person,0.8,324.3,336.1,25.4,53.3
90,3.6,person,0.752,508.5,332.0,18.5,54.6
90,3.6,sports ball,0.731,274.6,349.1,13.1,10.9
90,3.6,person,0.728,278.4,422.5,41.7,67.3
90,3.6,person,0.686,557.5,287.4,23.8,48.5
90,3.6,person,0.633,720.5,204.6,19.1,48.5
90,3.6,person,0.594,307.1,324.2,26.8,42.5
90,3.6,person,0.53,562.1,147.4,18.8,37.4
90,3.6,person,0.491,824.0,302.2,25.0,50.3
90,3.6,person,0.403,270.1,422.4,25.9,67.3
95,3.8,person,0.739,298.7,424.9,23.2,67.4
95,3.8,person,0.735,554.4,278.9,21.9,48.0
95,3.8,person,0.688,506.6,322.5,32.4,46.5
95,3.8,person,0.574,665.5,148.0,14.1,37.7
95,3.8,person,0.555,43.1,125.7,22.6,43.7
95,3.8,person,0.528,324.7,317.5,21.0,44.5
95,3.8,person,0.522,825.2,308.1,15.6,55.6
95,3.8,person,0.499,726.7,201.9,17.7,42.5
95,3.8,person,0.498,300.8,347.8,14.9,34.9
95,3.8,person,0.469,567.6,146.3,13.6,27.6
95,3.8,person,0.369,568.3,152.3,19.1,39.4
100,4.0,person,0.749,331.7,427.8,26.2,65.8
100,4.0,person,0.654,512.4,324.5,31.7,50.7
100,4.0,person,0.654,554.7,272.0,30.3,43.7
100,4.0,person,0.617,733.3,208.9,28.2,44.0
100,4.0,person,0.601,325.8,316.1,23.3,48.3
100,4.0,person,0.582,679.7,149.5,19.1,39.7
100,4.0,person,0.558,826.2,306.7,26.3,52.0
100,4.0,person,0.476,579.5,151.6,24.4,32.6
100,4.0,person,0.474,71.7,124.3,20.1,39.7
100,4.0,person,0.411,302.7,357.4,17.5,25.4
100,4.0,person,0.363,575.8,150.4,14.2,31.0
100,4.0,person,0.362,297.9,358.0,27.0,27.7
100,4.0,sports ball,0.33,207.7,323.7,9.1,10.1
105,4.2,person,0.824,368.5,431.8,26.9,65.4
105,4.2,person,0.77,518.9,325.7,22.8,53.4
105,4.2,person,0.703,755.8,211.8,29.3,49.5
105,4.2,person,0.627,107.8,125.9,30.5,42.5
105,4.2,sports ball,0.608,199.6,313.2,8.7,10.1
105,4.2,person,0.602,555.9,266.9,24.2,42.4
105,4.2,person,0.6,837.7,307.9,19.7,48.9
105,4.2,person,0.554,336.1,311.6,24.7,46.6
105,4.2,person,0.515,313.6,359.2,23.6,28.0
105,4.2,person,0.485,699.2,149.1,22.9,35.5
105,4.2,person,0.387,592.9,156.1,26.4,34.8
105,4.2,person,0.377,591.1,154.2,20.9,30.5
110,4.4,person,0.865,534.3,316.6,24.1,50.2
110,4.4,person,0.73,405.0,432.9,21.1,66.5
110,4.4,person,0.701,56.7,444.0,27.8,71.4
110,4.4,person,0.646,342.8,300.8,21.6,46.1
110,4.4,person,0.61,722.4,148.4,29.3,38.6
110,4.4,person,0.6,768.7,212.5,17.2,47.5
110,4.4,person,0.59,607.7,160.3,21.5,41.5
110,4.4,person,0.571,332.0,359.6,26.9,41.4
110,4.4,person,0.544,566.3,262.9,29.5,48.1
110,4.4,person,0.512,136.3,124.2,20.1,39.7
110,4.4,person,0.487,605.5,156.8,16.2,33.4
110,4.4,person,0.349,563.6,258.2,22.2,38.2
115,4.6,person,0.853,97.4,432.6,27.9,69.5
115,4.6,person,0.766,437.7,438.6,33.0,68.2
115,4.6,sports ball,0.749,206.0,298.0,8.3,8.2
115,4.6,person,0.743,546.7,308.2,29.9,48.8
115,4.6,person,0.683,616.5,163.7,17.9,42.4
115,4.6,person,0.651,737.7,150.2,23.7,38.2
115,4.6,person,0.646,570.0,261.7,26.9,50.1
115,4.6,person,0.631,164.6,127.1,23.9,38.3
115,4.6,person,0.565,351.5,294.2,25.3,44.3
115,4.6,person,0.538,355.9,362.2,22.1,43.1
115,4.6,person,0.498,778.8,215.5,15.2,49.5
115,4.6,sports ball,0.485,188.2,446.9,15.8,10.8
115,4.6,person,0.405,568.5,256.1,23.7,37.1
120,4.8,person,0.816,136.7,432.1,28.6,61.9
120,4.8,person,0.771,560.1,310.3,21.7,55.5
120,4.8,person,0.725,474.5,447.1,28.4,65.0
120,4.8,person,0.71,749.9,154.2,22.4,40.0
120,4.8,person,0.687,357.6,292.0,39.1,44.3
120,4.8,person,0.679,794.9,219.5,38.3,47.6
120,4.8,person,0.647,377.5,359.5,19.6,45.8
120,4.8,person,0.583,348.9,291.1,21.0,43.4
120,4.8,person,0.576,568.0,254.0,16.0,37.9
120,4.8,person,0.521,623.6,162.5,22.7,32.4
120,4.8,person,0.471,624.5,163.7,35.3,36.1
120,4.8,person,0.443,620.8,161.6,14.8,30.9
120,4.8,sports ball,0.409,211.1,296.6,10.4,9.7
125,5.0,person,0.769,628.0,176.4,29.3,42.8
125,5.0,sports ball,0.75,219.6,298.7,8.0,9.5
125,5.0,person,0.748,212.8,133.2,26.0,41.5
125,5.0,person,0.747,168.3,437.4,26.1,60.0
125,5.0,person,0.702,502.6,453.2,21.7,53.5
125,5.0,person,0.683,802.5,230.0,30.7,49.3
125,5.0,person,0.594,396.8,362.3,22.4,48.6
125,5.0,person,0.56,352.1,293.5,28.0,44.8
125,5.0,person,0.534,760.3,159.8,15.8,41.3
125,5.0,person,0.498,571.5,309.2,19.2,48.9
125,5.0,person,0.434,568.6,257.6,21.5,39.9
125,5.0,person,0.34,571.1,285.2,19.6,93.5
125,5.0,person,0.329,347.4,290.6,20.1,39.2
125,5.0,sports ball,0.322,323.2,128.8,8.3,5.4
125,5.0,person,0.317,625.9,172.9,21.7,35.2
130,5.2,person,0.83,199.1,445.3,27.5,62.2
130,5.2,person,0.803,347.5,300.2,36.9,46.7
130,5.2,person,0.745,414.9,372.7,19.7,55.7
130,5.2,person,0.726,627.4,188.9,17.0,44.8
130,5.2,person,0.717,582.0,308.2,19.9,50.6
130,5.2,person,0.651,531.5,461.1,22.9,36.7
130,5.2,person,0.635,804.3,241.5,17.7,49.8
130,5.2,person,0.633,565.7,262.3,21.4,43.5
130,5.2,sports ball,0.629,227.0,304.8,10.8,11.0
130,5.2,person,0.51,232.1,144.3,22.7,42.5
130,5.2,person,0.503,769.9,168.9,18.5,39.5
130,5.2,person,0.39,768.3,168.4,13.6,37.5
130,5.2,person,0.318,10.9,447.1,21.6,42.0
135,5.4,person,0.836,220.2,451.8,28.9,56.3
135,5.4,person,0.78,334.7,306.4,33.4,50.6
135,5.4,person,0.766,628.1,196.7,26.9,39.0
135,5.4,person,0.749,248.6,153.8,27.8,41.9
135,5.4,person,0.729,589.9,312.4,23.7,42.2
135,5.4,person,0.713,431.2,372.9,20.2,52.2
135,5.4,sports ball,0.704,232.1,311.9,10.2,9.6
135,5.4,person,0.631,804.7,252.3,34.7,48.9
135,5.4,person,0.467,627.8,194.3,20.2,34.6
135,5.4,person,0.462,560.7,266.4,31.6,43.2
135,5.4,person,0.43,556.8,469.6,16.8,19.3
135,5.4,person,0.334,773.6,177.6,28.1,35.0
140,5.6,person,0.803,231.1,455.8,26.0,48.4
140,5.6,person,0.78,797.4,260.1,36.0,51.2
140,5.6,person,0.776,587.2,317.3,20.3,56.6
140,5.6,person,0.771,767.0,184.1,28.8,37.7
140,5.6,person,0.74,308.1,312.4,29.7,50.7
140,5.6,person,0.707,439.0,374.2,20.2,51.9
140,5.6,sports ball,0.698,230.7,317.0,10.3,9.1
140,5.6,person,0.639,546.8,274.0,27.6,48.6
140,5.6,person,0.546,618.9,202.5,33.6,40.8
140,5.6,person,0.532,255.6,161.4,14.9,45.3
140,5.6,person,0.517,618.3,201.7,21.1,37.7
140,5.6,person,0.37,841.9,336.6,11.5,58.3
140,5.6,person,0.364,618.0,199.3,16.9,33.0
145,5.8,person,0.807,779.0,265.5,19.0,53.1
145,5.8,person,0.805,237.5,459.3,31.1,40.1
145,5.8,person,0.797,275.5,314.0,21.7,50.4
145,5.8,person,0.79,576.7,311.8,18.8,52.1
145,5.8,person,0.773,439.6,375.4,23.8,58.6
145,5.8,person,0.742,522.8,274.6,19.8,48.2
145,5.8,person,0.709,753.8,187.9,24.2,40.1
145,5.8,person,0.67,826.9,332.1,21.1,57.0
145,5.8,person,0.64,605.0,209.0,17.1,43.1
145,5.8,sports ball,0.325,222.2,318.9,11.2,9.8
150,6.0,person,0.822,234.8,462.4,25.2,35.2
150,6.0,person,0.765,248.3,311.2,20.1,55.0
150,6.0,person,0.743,565.7,302.5,23.0,45.8
150,6.0,person,0.728,759.9,264.4,28.8,52.4
150,6.0,person,0.714,498.5,270.6,17.7,47.8
150,6.0,person,0.701,734.9,188.6,18.7,43.0
150,6.0,person,0.667,806.5,324.0,33.3,52.0
150,6.0,person,0.665,588.7,205.7,18.7,42.3
150,6.0,person,0.659,435.4,369.7,22.0,55.0
150,6.0,person,0.521,255.3,169.5,25.2,40.3
150,6.0,sports ball,0.356,211.8,318.9,11.9,11.0
155,6.2,person,0.783,235.1,465.1,25.2,29.8
155,6.2,person,0.782,558.2,304.2,22.3,56.3
155,6.2,person,0.776,746.7,264.2,32.9,51.0
155,6.2,person,0.756,432.9,364.9,19.0,52.7
155,6.2,person,0.756,226.3,307.1,20.8,53.2
155,6.2,person,0.731,479.2,264.6,32.1,41.4
155,6.2,person,0.71,722.8,187.6,15.7,41.2
155,6.2,person,0.703,789.1,318.1,36.1,51.2
155,6.2,person,0.659,579.5,204.0,24.9,39.3
155,6.2,person,0.584,260.7,171.2,17.8,41.8
155,6.2,person,0.576,576.7,202.2,17.3,38.2
155,6.2,sports ball,0.48,449.3,181.5,7.1,5.5
155,6.2,person,0.346,479.6,263.1,24.1,38.2
155,6.2,person,0.305,784.4,317.1,23.9,47.5
155,6.2,person,0.302,8.5,157.6,16.9,26.6
160,6.4,person,0.821,210.2,302.2,27.0,51.1
160,6.4,person,0.815,551.2,297.8,16.1,50.5
160,6.4,person,0.793,770.5,314.6,33.9,53.9
160,6.4,person,0.783,710.9,184.3,24.1,40.1
160,6.4,person,0.774,733.7,266.1,20.9,53.7
160,6.4,person,0.732,431.1,354.1,22.6,47.7
160,6.4,person,0.7,237.0,467.8,24.0,23.3
160,6.4,person,0.697,563.9,204.9,15.1,41.6
160,6.4,person,0.69,462.0,266.0,27.5,48.0
165,6.6,person,0.812,195.6,294.7,22.1,49.6
165,6.6,person,0.793,542.3,284.3,22.4,45.6
165,6.6,person,0.782,713.4,264.3,20.2,51.7
165,6.6,person,0.74,695.1,183.0,20.2,35.6
165,6.6,person,0.701,747.2,311.2,24.8,57.2
165,6.6,person,0.693,424.5,349.7,19.1,53.1
165,6.6,person,0.635,441.6,262.6,16.4,47.2
165,6.6,person,0.61,235.5,470.3,22.0,19.4
165,6.6,person,0.594,549.5,201.4,17.8,39.7
165,6.6,person,0.411,548.7,198.8,12.9,33.8
165,6.6,person,0.348,266.9,174.7,24.0,34.4
170,6.8,person,0.823,181.1,288.7,23.0,50.1
170,6.8,person,0.802,415.2,345.7,19.1,56.7
170,6.8,person,0.757,528.8,282.6,20.8,47.2
170,6.8,person,0.735,421.6,255.6,23.5,39.6
170,6.8,person,0.717,721.1,304.4,19.6,54.3
170,6.8,person,0.6,694.9,263.3,26.0,49.3
170,6.8,person,0.562,530.2,199.0,19.6,39.5
170,6.8,sports ball,0.524,480.6,191.5,8.2,6.2
170,6.8,person,0.45,694.0,261.8,19.2,45.7
170,6.8,person,0.421,234.3,471.5,16.7,16.2
170,6.8,person,0.37,674.4,182.0,17.3,35.2
175,7.0,person,0.824,177.0,282.4,28.2,47.8
175,7.0,person,0.817,519.0,282.1,21.5,54.4
175,7.0,person,0.796,408.9,336.4,19.5,52.2
175,7.0,person,0.701,407.6,254.9,23.5,43.6
175,7.0,person,0.7,700.5,297.3,20.2,52.5
175,7.0,person,0.613,513.3,201.2,15.2,46.6
175,7.0,person,0.605,657.5,183.9,14.6,38.6
175,7.0,person,0.532,679.4,266.0,19.3,55.0
180,7.2,person,0.779,183.5,278.2,25.5,45.5
180,7.2,person,0.759,522.1,275.9,21.2,47.7
180,7.2,person,0.703,410.2,333.4,17.9,44.0
180,7.2,person,0.689,507.8,201.5,28.4,39.7
180,7.2,person,0.615,646.6,185.6,16.8,37.6
180,7.2,person,0.605,408.4,253.8,20.5,49.5
180,7.2,person,0.583,670.8,267.2,23.0,53.2
180,7.2,person,0.468,687.3,291.4,27.6,47.4
180,7.2,person,0.431,684.8,289.4,17.8,43.0
185,7.4,person,0.737,416.7,330.4,18.3,54.7
185,7.4,person,0.723,198.2,271.9,19.7,44.8
185,7.4,person,0.71,526.7,271.4,17.8,42.2
185,7.4,person,0.69,641.8,184.5,33.4,35.3
185,7.4,person,0.686,412.2,250.6,18.0,42.3
185,7.4,person,0.678,676.7,289.1,35.5,47.7
185,7.4,person,0.65,501.8,203.6,14.3,43.5
185,7.4,person,0.413,840.2,351.9,15.1,58.3
185,7.4,person,0.391,668.5,289.3,24.7,47.8
185,7.4,person,0.357,667.7,275.1,23.6,68.9
185,7.4,person,0.337,673.6,289.0,24.1,45.8
185,7.4,person,0.325,843.6,350.2,8.1,51.2
190,7.6,person,0.819,532.0,273.0,19.1,52.7
190,7.6,person,0.774,211.6,271.7,21.5,51.5
190,7.6,person,0.75,423.7,327.4,15.6,52.9
190,7.6,person,0.68,495.1,208.4,15.2,41.6
190,7.6,person,0.678,629.9,189.1,14.9,37.4
190,7.6,person,0.675,663.0,289.3,25.2,52.1
190,7.6,person,0.596,409.6,248.5,17.4,41.4
190,7.6,person,0.567,413.9,249.3,26.4,41.8
190,7.6,person,0.422,665.6,257.2,16.5,28.6
190,7.6,person,0.389,838.3,354.6,19.0,62.2
190,7.6,person,0.301,59.1,188.0,15.7,27.7
195,7.8,person,0.76,424.5,322.7,16.2,46.9
195,7.8,person,0.747,533.4,270.1,18.0,49.4
195,7.8,person,0.737,217.9,270.2,17.8,49.3
195,7.8,person,0.733,484.6,215.8,16.5,37.0
195,7.8,person,0.699,644.3,288.5,21.4,52.6
195,7.8,person,0.672,614.0,195.2,22.6,35.8
195,7.8,person,0.599,401.4,252.0,28.2,40.9
195,7.8,person,0.571,826.9,352.9,24.0,55.0
195,7.8,person,0.528,396.7,250.0,18.0,38.3
195,7.8,person,0.479,658.3,264.1,16.4,28.2
195,7.8,person,0.349,648.3,287.5,29.8,56.4
195,7.8,person,0.302,656.8,283.0,18.5,63.0
200,8.0,person,0.753,225.8,269.7,21.8,47.7
200,8.0,person,0.752,813.1,356.5,26.0,63.3
200,8.0,person,0.703,422.2,320.5,18.3,46.9
200,8.0,person,0.699,622.3,288.4,18.2,53.0
200,8.0,person,0.698,605.7,202.1,21.1,34.9
200,8.0,person,0.647,530.1,268.2,18.8,46.0
200,8.0,person,0.614,379.0,253.6,17.2,38.8
200,8.0,person,0.603,648.4,276.9,23.3,56.2
200,8.0,person,0.553,474.8,219.6,17.4,38.8
200,8.0,person,0.435,648.7,285.3,22.3,41.0
200,8.0,sports ball,0.405,555.8,232.6,8.9,7.6
200,8.0,person,0.403,838.1,92.0,18.9,46.3
205,8.2,person,0.815,639.0,279.6,20.8,54.1
205,8.2,person,0.794,595.8,286.9,18.6,52.9
205,8.2,person,0.736,231.4,268.7,20.4,49.0
205,8.2,person,0.688,795.9,357.2,19.9,59.5
205,8.2,person,0.685,419.8,323.5,15.9,55.2
205,8.2,person,0.644,466.7,222.0,16.4,39.4
205,8.2,person,0.624,358.0,256.7,20.5,44.3
205,8.2,person,0.606,523.0,269.8,17.5,47.7
205,8.2,person,0.577,601.1,205.0,15.6,34.9
210,8.4,person,0.779,779.5,352.0,39.0,56.3
210,8.4,person,0.7,330.4,258.2,17.1,43.5
210,8.4,person,0.681,415.9,316.9,17.4,51.5
210,8.4,person,0.667,513.3,265.8,21.3,44.3
210,8.4,person,0.663,629.3,275.5,19.6,49.3
210,8.4,person,0.65,236.8,266.3,21.0,48.4
210,8.4,person,0.616,598.2,209.4,16.1,38.0
210,8.4,person,0.575,573.3,280.3,26.0,44.9
210,8.4,person,0.524,570.5,279.7,18.6,44.4
210,8.4,person,0.474,457.8,224.6,24.7,37.3
210,8.4,person,0.436,455.7,221.4,17.4,30.8
210,8.4,person,0.405,455.6,218.5,14.8,25.6
210,8.4,person,0.336,792.3,61.2,39.8,52.3
215,8.6,person,0.811,615.2,277.0,18.0,56.0
215,8.6,person,0.778,243.4,260.9,25.0,45.0
215,8.6,person,0.775,757.0,349.8,21.7,60.5
215,8.6,person,0.767,414.4,305.1,19.7,46.3
215,8.6,person,0.76,594.8,210.1,19.0,41.1
215,8.6,person,0.669,497.5,260.3,17.0,46.4
215,8.6,person,0.666,442.9,223.6,15.6,41.4
215,8.6,person,0.599,306.9,256.6,23.9,36.5
215,8.6,person,0.589,838.6,290.2,17.7,52.9
215,8.6,person,0.586,546.3,273.9,25.6,49.0
215,8.6,person,0.545,310.0,256.3,16.9,35.7
220,8.8,person,0.788,735.2,342.9,25.5,55.1
220,8.8,person,0.78,602.8,271.6,18.4,52.0
220,8.8,person,0.777,253.7,256.4,18.5,45.7
220,8.8,person,0.717,293.9,258.1,25.9,36.7
220,8.8,person,0.703,481.8,258.1,17.3,46.0
220,8.8,person,0.693,588.0,213.0,18.8,36.5
220,8.8,person,0.674,411.8,300.6,14.9,50.9
220,8.8,person,0.657,517.4,269.1,23.7,54.0
220,8.8,person,0.606,814.9,283.1,33.4,47.1
220,8.8,person,0.538,428.6,224.3,18.8,31.3
220,8.8,sports ball,0.376,565.1,247.9,9.0,8.1
225,9.0,person,0.793,593.3,266.3,19.5,51.8
225,9.0,person,0.724,716.3,339.0,24.7,60.3
225,9.0,person,0.719,468.1,255.4,18.1,39.9
225,9.0,person,0.714,259.6,248.8,16.6,46.4
225,9.0,person,0.702,490.2,261.4,17.6,49.8
225,9.0,person,0.7,409.3,291.7,17.0,49.3
225,9.0,person,0.683,792.2,282.5,21.9,50.8
225,9.0,person,0.66,418.9,222.9,16.7,29.7
225,9.0,person,0.537,587.0,212.2,19.1,36.9
225,9.0,person,0.456,287.5,251.1,21.2,38.4
225,9.0,sports ball,0.359,374.9,273.8,9.3,9.4
230,9.2,person,0.807,582.8,266.2,20.1,49.6
230,9.2,person,0.741,415.2,221.1,24.1,33.0
230,9.2,person,0.715,700.0,331.3,26.2,56.6
230,9.2,person,0.672,264.2,243.3,18.7,48.0
230,9.2,person,0.668,458.6,255.4,26.4,43.7
230,9.2,person,0.624,408.6,280.7,15.3,42.0
230,9.2,person,0.62,586.3,213.5,19.4,37.3
230,9.2,person,0.602,773.6,275.4,24.7,47.4
230,9.2,person,0.54,285.4,248.3,20.4,32.3
230,9.2,person,0.342,772.7,273.1,18.4,44.5
235,9.4,person,0.854,575.4,263.4,20.4,46.1
235,9.4,person,0.809,680.3,324.8,21.8,57.5
235,9.4,person,0.73,585.7,213.0,17.1,39.6
235,9.4,person,0.688,439.6,250.1,21.6,48.0
235,9.4,person,0.657,753.5,269.3,19.5,47.9
235,9.4,person,0.589,409.2,274.6,16.0,43.5
235,9.4,person,0.53,270.4,237.2,15.6,48.0
235,9.4,person,0.497,408.1,219.6,21.6,38.1
235,9.4,person,0.415,290.7,246.8,24.4,31.6
240,9.6,person,0.779,734.7,266.9,16.0,48.2
240,9.6,person,0.765,434.3,244.8,20.7,42.1
240,9.6,person,0.761,586.3,212.8,19.7,41.7
240,9.6,person,0.76,574.2,261.7,22.8,47.4
240,9.6,person,0.719,663.9,320.4,19.0,55.5
240,9.6,person,0.649,409.5,269.2,16.6,44.4
240,9.6,person,0.518,273.8,232.5,17.5,47.4
240,9.6,person,0.46,298.1,245.0,24.3,31.0
240,9.6,person,0.398,398.2,210.7,17.2,22.3
240,9.6,person,0.382,413.8,235.2,16.5,27.7
240,9.6,person,0.334,349.9,239.4,28.1,23.5
240,9.6,person,0.313,410.9,252.6,20.4,57.5
245,9.8,person,0.795,651.1,315.8,27.5,53.8
245,9.8,person,0.768,584.8,212.0,17.5,42.4
245,9.8,person,0.759,570.7,257.0,19.5,49.4
245,9.8,person,0.726,427.0,241.6,18.6,45.0
245,9.8,person,0.669,718.8,258.9,27.9,48.3
245,9.8,person,0.62,409.3,265.3,19.1,41.1
245,9.8,person,0.603,769.4,108.4,21.6,22.4
245,9.8,person,0.588,307.9,242.2,17.2,34.8
245,9.8,person,0.48,276.1,223.2,17.6,44.4
245,9.8,person,0.328,395.0,236.7,19.5,33.4
250,10.0,person,0.815,568.1,254.9,16.6,50.4
250,10.0,person,0.707,583.4,215.5,19.6,38.2
250,10.0,person,0.706,703.1,257.3,17.8,46.2
250,10.0,person,0.69,636.9,312.0,18.4,53.9
250,10.0,person,0.686,315.2,240.9,17.9,40.8
250,10.0,person,0.653,769.2,108.6,21.5,22.7
250,10.0,person,0.653,281.9,222.8,16.3,46.9
250,10.0,person,0.624,420.1,241.8,21.9,45.1
250,10.0,person,0.588,406.3,260.6,19.4,37.6
250,10.0,person,0.362,378.5,235.1,21.6,37.9
250,10.0,person,0.338,386.4,209.6,17.4,36.1
255,10.2,person,0.813,565.3,252.8,16.6,50.8
255,10.2,person,0.752,320.4,240.7,21.6,43.6
255,10.2,person,0.67,621.9,308.1,20.6,53.4
255,10.2,person,0.649,688.1,249.2,14.1,41.5
255,10.2,person,0.547,769.1,108.4,21.0,22.9
255,10.2,person,0.49,582.7,218.2,18.0,33.7
255,10.2,person,0.47,415.0,238.5,20.6,47.3
255,10.2,person,0.47,405.8,258.7,17.0,37.3
255,10.2,person,0.31,410.6,246.4,22.8,60.0
255,10.2,person,0.309,383.2,211.1,17.1,37.5
260,10.4,person,0.831,564.5,249.4,19.8,52.4
260,10.4,person,0.704,610.1,304.7,18.8,54.4
260,10.4,person,0.694,325.6,239.5,13.3,42.6
260,10.4,person,0.688,672.5,246.9,14.8,44.0
260,10.4,person,0.563,581.4,215.4,18.3,38.1
260,10.4,person,0.49,408.9,244.5,22.0,56.6
260,10.4,person,0.488,768.2,107.6,19.7,23.3
260,10.4,person,0.427,412.0,243.1,18.5,56.1
260,10.4,person,0.376,375.8,218.1,23.7,52.8
260,10.4,person,0.354,406.1,255.2,19.2,37.1
260,10.4,person,0.302,377.7,211.0,17.5,38.8
265,10.6,person,0.799,562.0,246.9,17.4,51.7
265,10.6,person,0.739,601.7,300.1,28.0,54.0
265,10.6,person,0.673,408.8,243.4,17.6,57.8
265,10.6,person,0.58,658.1,244.0,18.3,41.9
265,10.6,person,0.562,581.5,212.1,13.9,41.2
265,10.6,person,0.542,331.4,237.8,17.2,45.1
265,10.6,person,0.379,657.5,239.1,15.6,32.0
265,10.6,person,0.319,374.9,210.7,18.2,41.5
270,10.8,person,0.796,560.5,245.3,16.1,51.0
270,10.8,person,0.672,334.6,241.1,21.9,48.1
270,10.8,person,0.645,589.0,298.6,17.5,55.5
270,10.8,person,0.618,407.2,244.3,16.5,56.7
270,10.8,person,0.61,644.7,243.0,15.5,45.7
270,10.8,person,0.518,581.7,211.0,13.5,44.2
270,10.8,sports ball,0.508,291.7,248.0,8.1,7.9
270,10.8,person,0.41,376.0,215.1,17.8,46.8
270,10.8,person,0.374,335.6,237.0,15.8,41.8
270,10.8,person,0.328,761.0,102.9,15.5,33.7
275,11.0,person,0.795,559.1,245.4,15.6,50.8
275,11.0,person,0.649,341.0,241.1,17.7,47.9
275,11.0,person,0.641,630.4,241.4,19.0,45.7
275,11.0,person,0.63,581.0,297.2,18.9,52.1
275,11.0,person,0.55,408.7,242.2,18.2,52.5
275,11.0,person,0.491,374.2,213.1,19.9,43.0
275,11.0,person,0.491,582.3,210.4,16.7,44.4
275,11.0,person,0.418,404.9,241.1,20.8,53.0
275,11.0,person,0.36,374.3,217.5,23.6,52.0
275,11.0,person,0.35,299.0,206.8,19.0,41.8
280,11.2,person,0.819,557.6,241.0,16.7,52.2
280,11.2,person,0.742,617.3,237.3,13.8,45.6
280,11.2,person,0.738,345.8,238.7,16.5,45.0
280,11.2,person,0.724,571.6,294.6,14.7,49.6
280,11.2,person,0.651,583.2,208.6,20.3,42.9
280,11.2,person,0.572,415.0,247.4,15.7,44.1
280,11.2,person,0.526,374.0,213.3,18.0,46.7
280,11.2,person,0.454,361.9,228.9,17.9,39.2
280,11.2,person,0.362,399.7,237.4,13.6,44.0
285,11.4,person,0.729,414.9,246.7,18.0,42.8
285,11.4,person,0.727,564.7,293.2,26.1,53.0
285,11.4,person,0.676,557.6,237.3,19.5,48.0
285,11.4,person,0.654,606.6,235.8,14.6,41.7
285,11.4,person,0.651,350.0,241.1,18.3,45.7
285,11.4,person,0.582,395.1,237.3,16.7,43.5
285,11.4,person,0.548,583.5,208.9,18.9,43.6
285,11.4,person,0.396,365.9,222.2,22.8,54.3
290,11.6,person,0.669,416.5,245.9,18.2,41.2
290,11.6,person,0.652,596.6,237.5,18.8,43.1
290,11.6,person,0.634,558.7,291.7,17.6,51.7
290,11.6,person,0.623,555.2,239.3,18.9,52.9
290,11.6,person,0.508,585.2,207.4,17.0,42.0
290,11.6,person,0.477,361.6,225.6,28.8,61.0
290,11.6,person,0.361,390.9,238.4,17.7,45.8
290,11.6,person,0.312,357.9,229.4,23.0,68.8
295,11.8,person,0.763,553.7,291.8,15.2,52.8
295,11.8,person,0.716,552.1,235.3,16.9,48.0
295,11.8,person,0.659,587.5,225.8,19.3,63.4
295,11.8,person,0.637,416.2,248.9,19.8,45.7
295,11.8,person,0.534,300.9,198.4,18.7,43.3
295,11.8,person,0.524,730.2,98.7,20.1,30.6
295,11.8,person,0.378,360.5,229.6,22.3,68.8
295,11.8,person,0.337,91.0,200.3,19.1,40.6
295,11.8,person,0.33,731.7,94.5,20.7,38.0
295,11.8,person,0.327,362.3,237.5,19.0,50.8
300,12.0,person,0.738,415.1,245.6,21.6,42.9
300,12.0,sports ball,0.734,439.0,275.5,8.9,7.0
300,12.0,person,0.723,552.1,290.8,17.8,53.3
300,12.0,person,0.636,585.8,230.3,22.8,53.3
300,12.0,person,0.51,548.8,234.3,20.5,48.3
300,12.0,person,0.49,379.3,223.6,26.3,76.2
300,12.0,person,0.484,342.8,213.5,15.7,41.5
300,12.0,person,0.463,547.8,228.7,15.5,39.3
300,12.0,person,0.39,381.4,234.9,21.1,52.4
305,12.2,person,0.769,799.7,206.3,33.1,73.4
305,12.2,person,0.746,167.2,160.6,35.9,56.7
305,12.2,person,0.733,805.0,361.7,27.5,104.7
305,12.2,person,0.721,330.0,171.2,23.5,63.9
305,12.2,person,0.702,481.1,161.7,21.1,55.0
305,12.2,person,0.7,701.7,190.4,22.3,71.2
305,12.2,person,0.678,410.7,262.6,36.7,89.6
305,12.2,person,0.573,352.7,66.5,23.5,49.6
305,12.2,person,0.515,213.1,151.7,39.2,45.1
305,12.2,person,0.483,525.8,345.9,28.8,74.7
305,12.2,person,0.452,136.8,257.8,35.8,76.4
310,12.4,person,0.798,362.8,173.9,26.5,66.1
310,12.4,person,0.787,730.4,192.0,37.5,69.1
310,12.4,person,0.726,517.6,161.8,27.6,56.2
310,12.4,person,0.7,451.0,268.1,25.2,88.8
310,12.4,person,0.685,825.6,212.4,29.9,71.8
310,12.4,person,0.652,200.1,161.8,39.4,60.9
310,12.4,person,0.57,393.6,73.9,25.7,50.3
310,12.4,person,0.516,186.9,256.7,32.8,55.1
310,12.4,person,0.429,35.4,235.8,26.9,38.0
310,12.4,person,0.423,576.0,359.6,28.3,78.9
310,12.4,person,0.34,451.5,254.2,24.7,60.4
315,12.6,person,0.792,476.7,282.9,36.7,86.8
315,12.6,person,0.782,745.1,204.5,29.9,75.8
315,12.6,person,0.768,381.2,182.8,25.6,65.7
315,12.6,person,0.718,18.1,198.7,33.0,81.8
315,12.6,person,0.68,534.1,171.4,25.4,63.3
315,12.6,person,0.6,615.3,382.9,31.4,89.4
315,12.6,person,0.588,230.6,162.5,28.8,54.6
315,12.6,person,0.58,418.0,83.4,16.8,43.1
315,12.6,person,0.562,217.6,283.8,33.7,79.0
315,12.6,person,0.538,838.8,218.1,18.0,72.9
315,12.6,person,0.347,60.3,258.4,28.2,54.2
320,12.8,person,0.857,392.1,192.0,30.3,63.2
320,12.8,person,0.815,503.5,302.6,40.3,94.6
320,12.8,person,0.778,555.7,180.0,24.1,63.7
320,12.8,person,0.758,440.1,94.1,25.2,46.0
320,12.8,person,0.729,759.2,215.3,25.0,75.3
320,12.8,person,0.671,249.0,175.3,23.5,57.6
320,12.8,person,0.67,37.5,212.6,34.7,80.7
320,12.8,person,0.522,652.5,403.1,31.9,87.3
320,12.8,person,0.52,244.8,302.2,35.3,80.4
320,12.8,person,0.397,77.1,268.8,27.2,42.2
325,13.0,person,0.871,421.9,202.5,27.2,61.3
325,13.0,person,0.824,538.4,321.3,30.5,101.5
325,13.0,person,0.731,782.5,226.4,29.5,74.2
325,13.0,person,0.72,576.4,190.0,26.5,62.8
325,13.0,person,0.715,266.3,187.5,29.9,61.0
325,13.0,person,0.595,693.3,419.1,35.3,69.4
325,13.0,person,0.591,275.3,324.6,37.9,87.8
325,13.0,person,0.582,60.0,224.7,35.0,73.7
325,13.0,person,0.485,466.8,103.3,23.4,52.8
325,13.0,person,0.371,100.4,289.2,28.4,52.2
325,13.0,person,0.332,785.7,227.9,22.7,66.4
325,13.0,person,0.304,69.4,285.9,26.6,49.5
330,13.2,person,0.797,287.5,195.1,29.6,61.4
330,13.2,person,0.768,569.9,342.6,41.6,102.9
330,13.2,person,0.752,450.1,218.4,25.9,69.6
330,13.2,person,0.73,806.7,235.2,37.7,70.3
330,13.2,person,0.722,601.1,197.9,20.1,63.8
330,13.2,person,0.674,307.8,344.4,38.5,92.8
330,13.2,person,0.59,490.9,115.6,18.5,51.1
330,13.2,person,0.567,79.9,240.4,29.5,75.1
330,13.2,person,0.462,93.5,303.4,30.7,50.3
330,13.2,person,0.424,178.0,223.7,42.1,46.6
330,13.2,person,0.381,123.9,303.7,30.6,48.4
330,13.2,person,0.322,184.4,222.5,22.9,45.5
330,13.2,person,0.315,733.2,432.4,41.8,50.6
330,13.2,person,0.307,791.5,52.8,39.4,63.1
335,13.4,person,0.814,482.2,228.2,27.5,71.3
335,13.4,person,0.802,605.8,364.1,34.9,110.3
335,13.4,person,0.735,626.8,206.6,28.0,62.8
335,13.4,person,0.711,98.6,262.9,32.0,82.0
335,13.4,person,0.686,829.3,249.6,30.0,75.4
335,13.4,person,0.628,303.6,206.8,30.0,63.2
335,13.4,person,0.621,339.7,365.3,40.9,89.8
335,13.4,person,0.509,194.3,238.9,31.0,54.7
335,13.4,person,0.486,517.2,129.9,26.8,54.5
335,13.4,person,0.456,787.3,458.4,40.2,42.0
335,13.4,person,0.332,115.2,324.0,31.4,49.1
335,13.4,person,0.321,301.7,201.4,24.2,50.1
340,13.6,person,0.866,627.8,386.8,47.9,116.0
340,13.6,person,0.79,647.2,211.1,27.6,62.0
340,13.6,person,0.783,514.1,233.1,27.4,71.2
340,13.6,person,0.772,300.6,212.6,31.2,67.6
340,13.6,person,0.756,94.0,277.3,36.8,90.7
340,13.6,person,0.714,537.2,132.0,26.8,59.7
340,13.6,person,0.688,359.6,394.1,45.4,102.5
340,13.6,person,0.48,198.2,247.4,32.2,58.9
340,13.6,person,0.417,154.8,346.5,34.7,52.2
340,13.6,person,0.371,113.5,344.7,31.6,50.2
345,13.8,person,0.854,543.3,231.6,33.5,80.3
345,13.8,person,0.842,283.3,213.2,34.3,74.4
345,13.8,person,0.825,75.0,289.8,38.3,99.8
345,13.8,person,0.822,661.7,412.6,56.5,127.1
345,13.8,person,0.794,376.4,420.6,48.6,114.1
345,13.8,person,0.764,195.4,248.2,36.7,69.5
345,13.8,person,0.741,668.5,214.4,32.6,78.0
345,13.8,sports ball,0.73,532.8,82.3,16.5,13.5
345,13.8,sports ball,0.497,175.4,225.0,12.6,9.2
345,13.8,person,0.472,154.3,368.0,37.2,59.6
345,13.8,person,0.409,559.5,127.1,28.7,61.5
345,13.8,person,0.383,100.3,361.7,34.8,52.2
350,14.0,person,0.833,583.5,234.7,31.7,91.5
350,14.0,person,0.832,699.9,420.5,55.5,119.0
350,14.0,person,0.817,253.9,209.7,30.3,84.2
350,14.0,person,0.771,395.4,432.1,54.1,95.4
350,14.0,sports ball,0.771,157.9,225.5,10.9,11.4
350,14.0,person,0.724,579.1,117.1,32.3,73.5
350,14.0,person,0.715,685.6,207.9,31.8,88.0
350,14.0,person,0.712,52.6,299.8,42.5,107.2
350,14.0,person,0.687,198.6,249.0,35.6,79.4
350,14.0,person,0.519,155.8,389.3,40.8,68.4
355,14.2,person,0.866,610.1,239.8,40.5,97.4
355,14.2,person,0.783,404.7,449.3,54.9,60.1
355,14.2,person,0.775,736.8,436.1,40.1,87.0
355,14.2,person,0.746,18.2,324.5,36.3,121.2
355,14.2,person,0.734,695.8,213.6,34.0,93.6
355,14.2,person,0.69,142.5,423.1,47.2,81.5
355,14.2,person,0.689,208.0,205.7,30.5,72.2
355,14.2,person,0.656,196.9,264.5,37.2,93.4
355,14.2,person,0.632,601.0,125.4,33.1,74.3
355,14.2,sports ball,0.513,127.6,235.8,14.2,11.7
355,14.2,person,0.416,54.5,419.7,50.9,83.0
360,14.4,person,0.871,127.2,449.0,49.1,61.4
360,14.4,person,0.854,150.9,221.7,46.2,94.9
360,14.4,person,0.807,640.9,243.7,48.3,100.3
360,14.4,person,0.761,25.9,446.0,51.7,65.9
360,14.4,person,0.753,197.8,274.1,34.9,100.1
360,14.4,person,0.744,705.7,218.2,41.7,98.3
360,14.4,sports ball,0.703,97.6,247.8,14.7,13.5
360,14.4,person,0.583,618.9,119.7,33.1,95.5
365,14.6,person,0.831,89.8,224.9,55.4,100.5
365,14.6,person,0.821,196.3,280.3,40.8,113.0
365,14.6,person,0.787,681.4,253.4,45.6,122.0
365,14.6,person,0.731,641.4,118.4,43.8,97.0
365,14.6,person,0.712,711.9,210.9,35.8,89.8
365,14.6,person,0.537,103.9,465.4,25.3,28.1
365,14.6,sports ball,0.368,59.1,254.0,14.4,12.3
370,14.8,person,0.835,227.3,281.5,42.4,105.9
370,14.8,person,0.804,68.6,228.2,54.7,101.6
370,14.8,person,0.779,715.5,256.5,50.4,123.7
370,14.8,person,0.722,671.8,126.6,45.5,98.0
370,14.8,person,0.481,714.2,196.0,39.4,56.5
370,14.8,person,0.413,59.9,89.4,30.6,42.3
370,14.8,person,0.343,273.1,75.5,26.8,54.5
370,14.8,person,0.338,354.2,77.1,30.2,47.1
370,14.8,person,0.309,302.3,76.6,27.6,50.5
370,14.8,person,0.302,720.6,199.8,52.5,62.3
375,15.0,person,0.8,717.2,242.0,55.5,111.0
375,15.0,person,0.766,279.3,298.6,34.7,115.7
375,15.0,person,0.753,711.3,146.4,41.8,98.3
375,15.0,person,0.588,762.6,266.3,39.5,112.5
375,15.0,person,0.555,90.3,241.9,60.9,103.0
375,15.0,person,0.361,100.7,111.2,29.7,41.4
375,15.0,sports ball,0.334,227.9,361.8,7.1,5.8
375,15.0,person,0.314,134.5,104.1,26.1,47.0
375,15.0,sports ball,0.301,736.6,96.4,25.6,23.9
380,15.2,person,0.842,794.6,283.6,53.5,117.6
380,15.2,person,0.783,323.0,315.5,37.9,117.6
380,15.2,person,0.723,117.4,258.3,52.6,95.8
380,15.2,person,0.715,738.1,173.0,44.5,90.2
380,15.2,person,0.587,718.1,263.8,41.6,94.8
385,15.4,person,0.864,790.9,302.4,54.9,118.5
385,15.4,person,0.825,339.1,327.0,39.4,111.9
385,15.4,person,0.815,118.3,272.2,52.6,95.4
385,15.4,sports ball,0.716,154.4,312.2,12.7,12.8
385,15.4,person,0.637,698.6,270.2,48.1,92.0
385,15.4,person,0.506,734.7,194.5,41.3,86.0
385,15.4,sports ball,0.304,762.0,144.9,27.0,22.7
390,15.6,person,0.841,349.3,334.8,39.3,106.3
390,15.6,person,0.794,128.0,285.2,57.8,91.8
390,15.6,person,0.782,783.6,313.6,56.5,110.9
390,15.6,person,0.766,683.3,289.2,50.6,97.1
390,15.6,person,0.486,725.4,218.7,39.6,75.7
390,15.6,person,0.45,791.4,310.6,40.4,108.2
390,15.6,sports ball,0.43,175.0,324.3,12.6,14.7
395,15.8,person,0.826,786.0,310.6,54.4,102.6
395,15.8,person,0.804,348.4,342.2,44.1,117.8
395,15.8,person,0.764,660.1,289.6,51.5,99.8
395,15.8,person,0.755,133.5,293.2,58.5,95.8
395,15.8,person,0.721,702.8,227.7,41.6,78.1
395,15.8,sports ball,0.475,174.7,326.1,12.5,13.7
